category,keywords,answer
中心介紹,伽碩|訓練中心|職訓中心|你們是誰|中心介紹,伽碩職業訓練中心主要提供職業訓練與就業導向課程，課程內容包含資訊科技、AI應用、行銷設計、餐飲飲品、水電配線、農園藝等實務技能。
課程查詢,課程|有哪些課|開什麼課|職訓課程|訓練課程,目前常見課程方向包含商業 Python、AI 圖文創作、多媒體行銷、咖啡飲品調製、PLC 配線、水電設備、農園藝栽培等。實際課程請以官方公告為準。
AI課程,AI|人工智慧|生成式AI|AI圖文|AI繪圖|多媒體,AI 相關課程通常會帶到生成式 AI 工具、AI 圖片生成、文案製作、社群素材設計與多媒體應用，適合想學數位內容製作或行銷應用的人。
Python課程,Python|程式|數據分析|資料分析|爬蟲|自動化,Python 相關課程會偏向實作應用，例如資料整理、圖表視覺化、行銷數據分析、金融資料分析、網路爬蟲與自動化工具製作。
行銷課程,社群|行銷|電商|貼文|文案|品牌,社群與行銷課程通常會訓練貼文設計、文案撰寫、品牌視覺、行銷素材製作與數位工具應用，適合想往社群小編、行銷助理或接案方向發展的人。
咖啡飲品課程,咖啡|飲品|手搖|調飲|拉花|吧台,咖啡與飲品課程會學習飲品調製、咖啡基礎、吧台操作與實務服務流程，適合想進入餐飲、咖啡店或飲品產業的人。
水電PLC課程,水電|PLC|配線|自動化|電工|裝修,水電與 PLC 課程偏向技術實作，內容可能包含基礎配線、設備裝修、自動化控制與職場安全觀念，適合想學一技之長的人。
農園藝課程,農業|園藝|植栽|農產|栽培|加工,農園藝相關課程會帶到栽培管理、植栽應用、農產加工與產品化概念，適合對農業、園藝或地方特色產品有興趣的人。
報名方式,報名|怎麼報名|我要報名|報名流程|如何參加,你可以先確認想參加的課程名稱，再依官方公告的報名方式辦理。不同課程可能會有不同報名期限、資料繳交與甄試規定。
招生對象,誰可以報名|資格|招生對象|我可以報名嗎|失業者,部分職前訓練課程會以失業者為主要招生對象，也可能要求具備就業意願。實際資格仍要依該課程公告為準。
補助資訊,補助|免費|學費|費用|政府補助|自費,部分職訓課程可能有政府補助或特定身份費用優惠，但每門課規定不同。建議直接查看該課程公告或洽詢訓練中心確認。
上課地點,地址|在哪裡|地點|上課地點|永康|台南,伽碩職業訓練中心位於臺南永康一帶。實際上課教室可能依課程安排不同，建議以課程公告或中心通知為準。
上課時間,時間|幾點上課|上課時間|白天|晚上|週末,不同課程的上課時間不一定相同，有些是平日白天，有些可能是晚上或週末。請以該課程的公告資訊為準。
甄試資訊,甄試|考試|面試|筆試|錄訓|備取,部分課程可能需要甄試、面試或資料審查。甄試日期、攜帶文件與錄訓名單，請依官方公告或中心通知為準。
就業方向,就業|工作|職涯|找工作|能做什麼,課程會依類型對應不同就業方向，例如 Python 數據分析、社群行銷、AI 圖文設計、餐飲飲品服務、水電配線、農園藝相關工作等。
聯絡方式,電話|聯絡|客服|詢問|諮詢|怎麼聯絡,若要確認最新課程、名額、報名資格或補助資訊，建議直接聯絡伽碩職業訓練中心，由行政人員協助確認。
成果展示,成果|作品|專題|成果展|展示,許多職訓課程會安排作品製作、成果發表或實作展示，讓學員把課堂技能轉成可以展示的作品。
推薦課程,推薦|我適合什麼|不知道選什麼|想轉職|想學技能,如果你想走數位工作，可以考慮 AI、Python、社群行銷類課程；如果想學技術，可以看水電、PLC、咖啡飲品、農園藝等實作型課程。